<?xml version="1.0" encoding="UTF-8"?>
<project-private xmlns="http://www.netbeans.org/ns/project-private/1">
    <editor-bookmarks xmlns="http://www.netbeans.org/ns/editor-bookmarks/2" lastBookmarkId="0"/>
    <open-files xmlns="http://www.netbeans.org/ns/projectui-open-files/2">
        <group>
            <file>file:/C:/Users/Dell/OneDrive/Pictures/Documents/NetBeansProjects/Catering%20System/src/catering/system/admin/payments.java</file>
            <file>file:/C:/Users/Dell/OneDrive/Pictures/Documents/NetBeansProjects/Catering%20System/src/catering/system/admin/feedback.java</file>
            <file>file:/C:/Users/Dell/OneDrive/Pictures/Documents/NetBeansProjects/Catering%20System/src/catering/system/customer/menu.java</file>
            <file>file:/C:/Users/Dell/OneDrive/Pictures/Documents/NetBeansProjects/Catering%20System/src/catering/system/test.java</file>
            <file>file:/C:/Users/Dell/OneDrive/Pictures/Documents/NetBeansProjects/Catering%20System/src/catering/system/admin/orders.java</file>
            <file>file:/C:/Users/Dell/OneDrive/Pictures/Documents/NetBeansProjects/Catering%20System/src/catering/system/admin/customer.java</file>
            <file>file:/C:/Users/Dell/OneDrive/Pictures/Documents/NetBeansProjects/Catering%20System/src/catering/system/login.java</file>
            <file>file:/C:/Users/Dell/OneDrive/Pictures/Documents/NetBeansProjects/Catering%20System/src/catering/system/customer/profile.java</file>
            <file>file:/C:/Users/Dell/OneDrive/Pictures/Documents/NetBeansProjects/Catering%20System/src/catering/system/UserSession.java</file>
            <file>file:/C:/Users/Dell/OneDrive/Pictures/Documents/NetBeansProjects/Catering%20System/src/catering/system/admin/dashboard.java</file>
            <file>file:/C:/Users/Dell/OneDrive/Pictures/Documents/NetBeansProjects/Catering%20System/src/catering/system/register.java</file>
            <file>file:/C:/Users/Dell/OneDrive/Pictures/Documents/NetBeansProjects/Catering%20System/src/catering/system/CateringSystem.java</file>
            <file>file:/C:/Users/Dell/OneDrive/Pictures/Documents/NetBeansProjects/Catering%20System/src/catering/system/HomePage.java</file>
            <file>file:/C:/Users/Dell/OneDrive/Pictures/Documents/NetBeansProjects/Catering%20System/src/catering/system/admin/inventory.java</file>
            <file>file:/C:/Users/Dell/OneDrive/Pictures/Documents/NetBeansProjects/Catering%20System/src/catering/system/customer/payments.java</file>
            <file>file:/C:/Users/Dell/OneDrive/Pictures/Documents/NetBeansProjects/Catering%20System/src/catering/system/customer/feedback.java</file>
            <file>file:/C:/Users/Dell/OneDrive/Pictures/Documents/NetBeansProjects/Catering%20System/src/catering/system/customer/bookings.java</file>
            <file>file:/C:/Users/Dell/OneDrive/Pictures/Documents/NetBeansProjects/Catering%20System/src/catering/system/admin/bookings.java</file>
            <file>file:/C:/Users/Dell/OneDrive/Pictures/Documents/NetBeansProjects/Catering%20System/src/catering/system/admin/menu.java</file>
            <file>file:/C:/Users/Dell/OneDrive/Pictures/Documents/NetBeansProjects/Catering%20System/src/catering/system/customer/dashboard.java</file>
        </group>
    </open-files>
</project-private>
